{
    "MapObjects": {
      "NonInteractive": {
        "Pillar": [
          [5, 3], [7, 3], [5, 5],
          [7, 5], [9, 5], [17, 5], [12, 9],[17, 9], [17, 11]
        ],
        "FenceH": [
          [6, 3], [10, 5], [11, 5], [12, 5], [13, 5], [14, 5], [16, 5], [13, 9], [14, 9], [15, 9],
          [16, 9]
        ],
        "FenceV": [
          [3, 2], [3, 3], [3, 4], [3, 5], [9, 2], [9, 3], [9, 4], [9, 6], [9, 7], [9, 8], [9, 9], [9, 10],
          [9, 11], [9, 12], [9, 13], [17, 4], [17, 6], [17, 7], [17, 8], [17, 12], [17, 13],
          [5, 4], [7, 4]
        ],
        "BlockTile": [
            [1, 1], [2, 1], [3, 1], [4, 1], [5, 1], [6, 1], [7, 1], [8, 1], [9, 1], [10, 1], [11, 1], [12, 1], [13, 1],
            [14, 1], [15, 1], [16, 1], [17, 1], [1, 2], [1, 3], [1, 4], [1, 4], [1, 5], [1, 6], [1, 7], [1, 8], [1, 9], [1, 10], [1, 11], [1, 12],
            [1, 13], [1, 14], [2, 14], [3, 14], [4, 14], [5, 14], [6, 14], [7, 14], [8, 14], [9, 14], [10, 14], [11, 14], [12, 14], [13, 14], [14, 14], [15, 14], [16, 14], [17, 14],[18, 14], [19, 14], [20, 14], [20, 3], [20, 4] ,[20, 5], [20, 6], [20, 7], [20, 8],[20, 9],
            [20, 10], [20, 11] ,[20, 12], [20, 14], [19, 3], [17, 2],[17, 3], [12, 2],[15, 5],[4, 9], [20, 13]
        ],
        "Tree" : [
            [10, 3], [11, 3], [10, 4], [11, 4], [5, 8], [7, 8], [5, 10], [7, 9], [8, 10], [5, 12], [3, 6]
        ]
      },
      "Interactive": {
        "Button": [
          {
            "coordinates": { "x": 4, "y": 3 },
            "linkedElementsIds": [1]
          },
          {
            "coordinates": { "x": 8, "y": 3 },
            "linkedElementsIds": [2]
          }
        ],
        "AutoDoor": {
          "Horizontal": [
            {
              "id": 1,
              "coordinates": { "x": 8, "y": 5 }
            },
            {
                "id": 2,
                "coordinates": { "x": 18, "y": 3 }
            }
          ],
          "Vertical": []
        },
        "Key": [
            { "x": 6, "y": 5 }
          ],
          "LockDoor":{
            "Horizontal": [
              { "x": 4, "y": 5 }
            ],
            "Vertical": []
        },
        "Slide": {
            "Up": [
                { "x": 12, "y": 3 } , { "x": 4, "y": 10 } ,
                { "x": 15, "y": 6 }
            ],
            "Right": [],
            "Down": [
                { "x": 15, "y": 4 }, { "x": 4, "y": 7 }
            ],
            "Left": []
        },
        "Pit": [
            {
              "coordinates": { "x": 4, "y": 6 },
              "activated": false
            }
        ],
        "HayBale": [
            { "x": 3, "y": 8 }
        ],
        "Goblet": {
          "coordinates": { "x": 12, "y": 2 }
        }
      }
    },
    "GameObjects": {
      "Cows": [
        {
          "coordinates": { "x": 4, "y": 12 },
          "direction": "Up",
          "color": "Grey"
        },
        {
          "coordinates": { "x": 18, "y": 2},
          "direction": "Down",
          "color": "Grey"
        },
        {
          "coordinates": { "x": 2, "y": 12 },
          "direction": "Up",
          "color": "Brown"
        }
      ],
      "Arrows": {
        "Red": {
            "Up": [
              { "coordinates": null }, 
              { "coordinates": null }, 
              { "coordinates": null }, 
              { "coordinates": null }, 
              { "coordinates": null }
            ],
            "Right": [
              { "coordinates": null },
              { "coordinates": null }, 
              { "coordinates": null }, 
              { "coordinates": null }
            ],
            "Down": [
              { "coordinates": null }, 
              { "coordinates": null }, 
              { "coordinates": null }
            ],
            "Left": [
              { "coordinates": null }, 
              { "coordinates": null }, 
              { "coordinates": null }, 
              { "coordinates": null }
            ]
        },
        "Blue": {
          "Up": [],
          "Right": [],
          "Down": [],
          "Left": []
        }
      }
    }
  }
