{
    "MapObjects": {
      "NonInteractive": {
        "Pillar": [],
        "FenceH": [],
        "FenceV": [],
        "Tree": [
          [1, 2],[2, 2],[3, 2],[5, 2],[6, 2],[7, 2],[8, 2],[9, 2],[10, 2],[11, 2],[13, 2],[14, 2],[15, 2],
          [1, 3],[6, 3],[7, 3],[8, 3],[10, 3],[11, 3],[12, 3],[15, 3],[16, 3],[18, 3],
          [3, 4],[4, 4],[5, 4],[7, 4],[8, 4],[9, 4],[12, 4],[14, 4],[16, 4],[17, 4],
          [1, 5],[3, 5],[5, 5],[7, 5],[10, 5],[11, 5],[14, 5],[17, 5],[18, 5],
          [3, 6],[5, 6],[7, 6],[8, 6],[10, 6],[11, 6],[12, 6],[15, 6],[16, 6],[18, 6],[19, 6],
          [4, 7],[5, 7],[7, 7],[8, 7],[9, 7],[11, 7],[12, 7],[15, 7],[16, 7],[18, 7],  
          [1, 8],[3, 8],[5, 8],[7, 8],[12, 8],[14, 8],[15, 8],[15, 8],[17, 8],[18, 8],[19, 8],
          [4, 9],[7, 9],[9, 9],[10, 9],[14, 9],[17, 9],[19, 9],
          [7, 10],[9, 10],[12, 10],[18, 10],
          [3, 11],[4, 11],[8, 11],[10, 11],[11, 11],[12, 11],[14, 11],[15, 11],[16, 11],[17, 11],[18, 11],[19, 11],
          [1, 12],[7, 12],[10, 12],[11, 12],[12, 12],[17, 12]
        ],
        "Bush": [
          [3, 3], [4, 3],[5, 3], [13, 3],
          [2, 4], [6, 4],[13, 4],
          [2, 5], [6, 5],[13, 5],
          [2, 5], [6, 5],[13, 5],
          [2, 6], [6, 6],[13, 6],
          [2, 7], [6, 7],[13, 7],
          [2, 8], [6, 8],[13, 8],[8, 8], [9, 8],[10, 8],[11, 8],
          [2, 9], [6, 9],[13, 9],[5, 9],
          [3, 10], [4, 10],[5, 10], [13, 10],[14, 10],[15, 10], [16, 10],[17, 10]
        ]
      },
      "Interactive": {
        "Button": [
          {
            "coordinates": { "x": 2, "y": 1 },
            "linkedElementsIds": [1]
          },
          {
            "coordinates": { "x": 3, "y": 1 },
            "linkedElementsIds": [2]
          },
          {
            "coordinates": { "x": 4, "y": 1 },
            "linkedElementsIds": [3]
          },
          {
            "coordinates": { "x": 5, "y": 1 },
            "linkedElementsIds": [4]
          },
          {
            "coordinates": { "x": 6, "y": 1 },
            "linkedElementsIds": [5]
          },
          {
            "coordinates": { "x": 7, "y": 1 },
            "linkedElementsIds": [1]
          },
          {
            "coordinates": { "x": 8, "y": 1 },
            "linkedElementsIds": [2]
          },
          {
            "coordinates": { "x": 9, "y": 1 },
            "linkedElementsIds": [3]
          },
          {
            "coordinates": { "x": 10, "y": 1 },
            "linkedElementsIds": [4]
          },
          {
            "coordinates": { "x": 11, "y": 1 },
            "linkedElementsIds": [5]
          },
          {
            "coordinates": { "x": 12, "y": 1 },
            "linkedElementsIds": [5]
          },
          {
            "coordinates": { "x": 13, "y": 1 },
            "linkedElementsIds": [1]
          },
          {
            "coordinates": { "x": 14, "y": 1 },
            "linkedElementsIds": [2]
          },
          {
            "coordinates": { "x": 15, "y": 1 },
            "linkedElementsIds": [3]
          },
          {
            "coordinates": { "x": 16, "y": 1 },
            "linkedElementsIds": [4]
          },
          {
            "coordinates": { "x": 19, "y": 2 },
            "linkedElementsIds": [1]
          },
          {
            "coordinates": { "x": 20, "y": 2 },
            "linkedElementsIds": [2]
          },
          {
            "coordinates": { "x": 19, "y": 4 },
            "linkedElementsIds": [4]
          },
          {
            "coordinates": { "x": 20, "y": 4 },
            "linkedElementsIds": [1]
          }
        ],
        "Piston": {
          "Up": [],
          "Right": [],
          "Down": [
            {
              "id": 20,
              "coordinates": { "x": 1, "y": 13 },
              "activated": true
            },
            {
              "id": 3,
              "coordinates": { "x": 2, "y": 14 },
              "activated": true
            },
            {
              "id": 2,
              "coordinates": { "x": 3, "y": 14 },
              "activated": true
            },
            {
              "id": 1,
              "coordinates": { "x": 4, "y": 14 },
              "activated": true
            },
            {
              "id": 5,
              "coordinates": { "x": 5, "y": 14 },
              "activated": true
            },
            {
              "id": 4,
              "coordinates": { "x": 6, "y": 14 },
              "activated": true
            },
            {
              "id": 3,
              "coordinates": { "x": 7, "y": 14 },
              "activated": true
            },
            {
              "id": 2,
              "coordinates": { "x": 8, "y": 14 },
              "activated": true
            },
            {
              "id": 1,
              "coordinates": { "x": 9, "y": 14 },
              "activated": true
            },
            {
              "id": 5,
              "coordinates": { "x": 10, "y": 14 },
              "activated": true
            },
            {
              "id": 4,
              "coordinates": { "x": 11, "y": 14 },
              "activated": true
            },
            {
              "id": 3,
              "coordinates": { "x": 12, "y": 14 },
              "activated": true
            },
            {
              "id": 2,
              "coordinates": { "x": 13, "y": 14 },
              "activated": true
            },
            {
              "id": 3,
              "coordinates": { "x": 14, "y": 14 },
              "activated": true
            },
            {
              "id": 5,
              "coordinates": { "x": 15, "y": 14 },
              "activated": true
            },
            {
              "id": 4,
              "coordinates": { "x": 16, "y": 14 },
              "activated": true
            },
            {
              "id": 3,
              "coordinates": { "x": 17, "y": 14 },
              "activated": true
            },
            {
              "id": 2,
              "coordinates": { "x": 18, "y": 14 },
              "activated": true
            },
            {
              "id": 1,
              "coordinates": { "x": 19, "y": 14 },
              "activated": true
            }
          ],
          "Left": []
        },
        "HayBale": [],
        "Goblet": {
          "coordinates": { "x": 1, "y": 14 }
        }
      }
    },
    "GameObjects": {
      "Cows": [
        {
          "coordinates": { "x": 1, "y": 1 },
          "direction": "Right",
          "color": "Grey"
        }
      ],
      "Arrows": {
        "Red": {
          "Up": [
            { "coordinates": null },
            { "coordinates": null },
            { "coordinates": null }
          ],
          "Right": [
            { "coordinates": null },
            { "coordinates": null },
            { "coordinates": null }
          ],
          "Down": [
            { "coordinates": null },
            { "coordinates": null },
            { "coordinates": null }
          ],
          "Left": [
            { "coordinates": null },
            { "coordinates": null },
            { "coordinates": null }
          ]
        },
        "Blue": {
          "Up": [],
          "Right": [],
          "Down": [],
          "Left": [
            { "coordinates": { "x": 20, "y": 14 } }
          ]
        }
      }
    }
  }
