{
    "MapObjects": {
      "NonInteractive": {
        "Pillar": [
          [1,1], [9, 1], [20, 1], [20, 5], [1,9], [1, 14], [13, 10], [13, 14], [20, 14]
        ],
        "FenceH": [
          [2, 1], [3, 1], [4, 1], [5, 1], [6, 1], [7, 1], [8, 1], [10, 1], [11, 1], 
          [12, 1], [13, 1], [14, 1], [15, 1], [16, 1], [17, 1], [18, 1], [19, 1],
          [17, 5], [18, 5], [19, 5], [2, 9], [3, 9], [4, 9], [5, 9], [6, 9], [7, 9],
          [10, 10], [11, 10], [12, 10], [14, 10], [15, 10], [16, 10],
          [2, 14], [3, 14], [4, 14], [5, 14], [6, 14], [7, 14], [8, 14], [9, 14], [10, 14], [11, 14], [12, 14], 
          [14, 14], [15, 14], [16, 14], [17, 14], [18, 14], [19, 14]
        ],
        "FenceV": [
          [1, 2], [1, 3], [1, 4], [1, 5], [1, 6], [1, 7], [1, 8], [1, 10], [1, 11], [1, 12], [1, 13], 
          [9, 2], [9, 3], [9, 4], [12, 11], [12, 12], [12, 13], 
          [20, 2], [20, 3], [20, 4], [20, 6], [20, 7], [20, 8], 
          [20, 9], [20, 10], [20, 11], [20, 12], [20, 13]  
        ]
      },
      "Interactive": {
        "Goblet": {
          "coordinates": { "x": 19, "y": 13 }
        }
      }
    },
    "GameObjects": {
      "Cows": [
        {
          "coordinates": { "x": 2, "y": 2 },
          "direction": "Right",
          "color": "Grey"
        },
        {
          "coordinates": { "x": 16, "y": 4 },
          "direction": "Down",
          "color": "Brown"
        },
        {
            "coordinates": { "x": 5, "y": 6 },
            "direction": "Left",
            "color": "Brown"
        },
        {
          "coordinates": { "x": 3, "y": 12 },
          "direction": "Right",
          "color": "Brown"
      }
      ],
      "Arrows": {
        "Red": {
          "Up": [
            { "coordinates": { "x": 8, "y": 12 } }
          ],
          "Right": [
            { "coordinates": null }, { "coordinates": null }, { "coordinates": null }
          ],
          "Down": [
            { "coordinates": null }, { "coordinates": null }, { "coordinates": null }
          ],
          "Left": []
        },
        "Blue": {
          "Up": [
            { "coordinates": { "x": 8, "y": 7 } }, { "coordinates": { "x": 16, "y": 8 } }
          ],
          "Right": [
            { "coordinates": { "x": 3, "y": 6 } }
          ],
          "Down": [
            { "coordinates": { "x": 8, "y": 3 } }, { "coordinates": { "x": 16, "y": 3 } }
          ],
          "Left": [
            { "coordinates": { "x": 11, "y": 6 } }
          ]
        }
      }
    }
  }
