{
    "MapObjects": {
      "NonInteractive": {
        "Pillar": [
          [6,1], [8, 1], [15, 1], [20, 1], [5, 3], [6, 3], [8, 3], [9, 3],
          [17, 4], [9, 7], [11, 7], [15, 7], [17, 8], [20, 8], [9, 9], [11, 9],
          [17, 9], [5, 12], [6, 12], [8, 12], [9, 12], [6, 14], [8, 14]
        ],
        "FenceH": [
          [16, 1], [17, 1], [18, 1], [19, 1], [10, 7], [12, 7], [13, 7], [14, 7],
          [18, 8], [19, 8], [10, 9], [12, 9], [13, 9], [14, 9], [15, 9], [16, 9]
        ],
        "FenceV": [
          [6, 2], [8, 2], [5, 4], [5, 5], [5, 6], [5, 7], [5, 8], [5, 9], [5, 10], [5, 11],
          [6, 13], [8, 13], [9, 4], [9, 5], [9, 6], [9, 10], [9, 11], 
          [15, 2], [15, 3], [15, 4], [15, 5], [15, 6], [17, 5], [17, 6], [17, 7],
          [20, 2], [20, 3], [20, 4], [20, 5], [20, 6], [20, 7]  
        ],
        "BlockTile": [
            [7, 6], [7, 7], [7, 8], [7, 9], [7, 10],
            [16, 6], [16, 5]
        ],
        "Tree": [
            [4, 1], [10, 1], [14, 1], [2, 3], [12, 3], [18, 3], [12, 4], [14, 4],
            [12, 5], [2, 7], [3, 7], [3, 9], [2, 11], [3, 11], [3, 14], [13, 10],
            [11, 11], [18, 12], [14, 13], [16, 13], [19, 13], [11, 14] 
        ]
      },
      "Interactive": {
        "Slide": {
            "Up": [
              { "x": 16, "y": 7 }
            ],
            "Right": [
              { "x": 14, "y": 8 }
            ],
            "Down": [
              { "x": 16, "y": 4 }
            ],
            "Left": [
              { "x": 15, "y": 8 }
            ]
        },
        "Key": [
          { "x": 7, "y": 2 }
        ],
        "LockDoor": {
          "Horizontal": [],
          "Vertical": [
            { "x": 11, "y": 8 }
          ]
        },
        "Goblet": {
          "coordinates": { "x": 19, "y": 7 }
        }
      }
    },
    "GameObjects": {
      "Cows": [
        {
          "coordinates": { "x": 7, "y": 13 },
          "direction": "Up",
          "color": "Grey"
        }
      ],
      "Arrows": {
        "Red": {
          "Up": [
            { "coordinates": { "x": 16, "y": 8 } },
            { "coordinates": null }, { "coordinates": null }
          ],
          "Right": [
            { "coordinates": null }, { "coordinates": null }, 
            { "coordinates": null }, { "coordinates": null }
          ],
          "Down": [
            { "coordinates": null }, { "coordinates": null }, { "coordinates": null }
          ],
          "Left": [
            { "coordinates": null }
          ]
        },
        "Blue": {
          "Up": [],
          "Right": [],
          "Down": [],
          "Left": []
        }
      }
    }
  }
