{
    "MapObjects": {
        "NonInteractive": {
            "Pillar": [
                [4, 2], [4, 4], [4, 6], [4, 8], [4, 10], [4, 12], [4, 14],
                [8, 8], [8, 10], [8, 12], [8, 14],
                [10, 10], [10, 12],
                [11, 6], [11, 8],
                [13, 8], [13, 10],
                [15, 4], [15, 10], [15, 12],
                [19, 2], [19, 10], [19, 14]
            ],
            "FenceH": [
                [5, 2], [6, 2], [7, 2], [8, 2], [9, 2], [10, 2],
                [11, 2], [12, 2], [13, 2], [14, 2],
                [15, 2], [16, 2], [17, 2], [18, 2],
                [5, 4], [6, 4], [7, 4], [8, 4], [9, 4], [10, 4],
                [11, 4], [12, 4], [13, 4], [14, 4],
                [5, 6], [6, 6], [7, 6], [8, 6], [9, 6], [10, 6], 
                [5, 8], [6, 8], [7, 8], [12, 8],
                [5, 10], [6, 10], [7, 10], [9, 10], [14, 10],
                [16, 10], [17, 10], [18, 10],
                [5, 12], [6, 12], [7, 12], [11, 12], [12, 12],
                [13, 12], [14, 12], 
                [5, 14], [6, 14], [7, 14], [9, 14], [10, 14],
                [11, 14], [12, 14], [13, 14], [14, 14], [15, 14],
                [16, 14], [17, 14], [18, 14]
            ],
            "FenceV": [
                [4, 5], [4, 9], [4, 13],
                [8, 9], [8, 13],
                [10, 11], [11, 7], [13, 9],
                [15, 5], [15, 6], [15, 7], [15, 8], [15, 9],
                [19, 3], [19, 4], [19, 5], [19, 6], [19, 7], [19, 8], [19, 9],
                [19, 11], [19, 12], [19, 13]
            ],
            "Bush": [
                [5, 5], [6, 5], [7, 5], [8, 5], [9, 5], [10, 5],
                [11, 5], [12, 5], [13, 5], [14, 5],
                [12, 6], [13, 6], [14, 6],
                [12, 7], [13, 7], [14, 7],
                [14, 8], [14, 9],
                [5, 9], [6, 9], [7, 9],
                [5, 13], [6, 13], [7, 13]
            ]
        },
        "Interactive": {
            "Key": [
                { "x": 2, "y": 13 },
                { "x": 16, "y": 12 }
            ],
            "LockDoor":{
                "Horizontal": [],
                "Vertical": [
                    { "x": 4, "y": 7 },
                    { "x": 4, "y": 11 }
                ]
            },
            "Button": [
                {
                  "coordinates": { "x": 6, "y": 7 },
                  "linkedElementsIds": [1]
                },
                {
                    "coordinates": { "x": 17, "y": 12 },
                    "linkedElementsIds": [2]
                }
              ],
            "AutoDoor": {
                "Horizontal": [],
                "Vertical": [
                    {
                        "id": 1,
                        "coordinates": { "x": 4, "y": 3 }
                    },
                    {
                        "id": 2,
                        "coordinates": { "x": 5, "y": 7 }
                    }                    
                ]
            },
            "Goblet": {
                "coordinates": { "x": 17, "y": 8 }
            }
        }
    },
    "GameObjects": {
        "Cows": [
            {
                "coordinates": { "x": 2, "y": 2 },
                "direction": "Down",
                "color": "Grey"
            }
        ],
        "Arrows": {
            "Red": {
                "Up": [
                    { "coordinates": null },
                    { "coordinates": null },
                    { "coordinates": null },
                    { "coordinates": null },
                    { "coordinates": null },
                    { "coordinates": null }
                ],
                "Right": [
                    { "coordinates": null },
                    { "coordinates": null },
                    { "coordinates": null },
                    { "coordinates": null },
                    { "coordinates": null }
                ],
                "Down": [
                    { "coordinates": null },
                    { "coordinates": null },
                    { "coordinates": null }
                ],
                "Left": [
                    { "coordinates": null },
                    { "coordinates": null },
                    { "coordinates": null },
                    { "coordinates": null }
                ]
              },
              "Blue": {
                "Up": [],
                "Right": [],
                "Down": [],
                "Left": []
              }
        }
    }
}