{
  "MapObjects": {
    "NonInteractive": {
      "Pillar": [
        [1, 1], [10, 1], [20, 1],
        [1, 14], [10, 14], [20, 14],
        [1, 6], [10, 6],
        [12, 7],
        [12, 8], [20, 8],
        [1, 10], [4, 10], [6, 10], [10, 10]
      ],
      "FenceH": [
        [2, 1], [3, 1], [4, 1], [5, 1], [6, 1], [7, 1], [8, 1], [9, 1], [11, 1],
        [12, 1], [13, 1], [14, 1], [15, 1], [16, 1], [17, 1], [18, 1], [19, 1],
        [2, 6], [3, 6], [4, 6], [5, 6], [6, 6], [7, 6], [8, 6], [9, 6],
        [2, 10], [3, 10], [7, 10], [8, 10], [9, 10],
        [13, 8], [14, 8], [15, 8], [16, 8], [17, 8], [18, 8], [19, 8],
        [2, 14], [3, 14], [4, 14], [5, 14], [6, 14], [7, 14], [8, 14], [9, 14],
        [11, 14], [12, 14], [13, 14], [14, 14], [15, 14], [16, 14], [17, 14], [18, 14], [19, 14]
      ],
      "FenceV": [
        [1, 2], [1, 3], [1, 4], [1, 5], [1, 7], [1, 8], [1, 9], [1, 11], [1, 12], [1, 13],
        [20, 2], [20, 3], [20, 4], [20, 5], [20, 6], [20, 7], [20, 9], [20, 10], [20, 11], [20, 12], [20, 13],
        [10, 2], [10, 3], [10, 5], [10, 8], [10, 9], [10, 11], [10, 12], [10, 13]
      ]
    },
    "Interactive": {
      "Slide": {
        "Up": [],
        "Right": [
          { "x": 10, "y": 7 }
        ],
        "Down": [],
        "Left": [
          { "x": 13, "y": 7 }
        ]
      },
      "HayBale": [
        { "x": 15, "y": 4 }
      ],
      "Goblet": {
        "coordinates": { "x": 9, "y": 13 }
      },
      "Key": [
        { "x": 13, "y": 11 }
      ],
      "LockDoor": {
        "Vertical": [
          { "x": 10, "y": 4 }
        ],
        "Horizontal": []
      },
      "Button": [
        {
          "coordinates": { "x": 6, "y": 4 },
          "linkedElementsIds": [1]
        }
      ],
      "AutoDoor": {
        "Horizontal": [
          { "id": 1, "coordinates": { "x": 5, "y": 10 } }
        ],
        "Vertical": []
      }
    }
  },
  "GameObjects": {
    "Cows": [
      {
        "coordinates": { "x": 19, "y": 3 },
        "direction": "Left",
        "color": "Grey"
      },
      {
        "coordinates": { "x": 16, "y": 11 },
        "direction": "Left",
        "color": "Brown"
      }
    ],
    "Arrows": {
      "Red": {
        "Up": [
          { "coordinates": null },
          { "coordinates": null }
        ],
        "Right": [
          { "coordinates": null },
          { "coordinates": null },
          { "coordinates": null }
        ],
        "Down": [
          { "coordinates": null },
          { "coordinates": null },
          { "coordinates": null },
          { "coordinates": null },
          { "coordinates": null }
        ],
        "Left": [
          { "coordinates": null },
          { "coordinates": null },
          { "coordinates": null },
          { "coordinates": null }
        ]
      },
      "Blue": {
        "Up": [
          { "coordinates": { "x": 11, "y": 6 } }
        ],
        "Right": [],
        "Down": [],
        "Left": []
      }
    }
  }
}
