{
    "MapObjects": {
        "NonInteractive": {
            "FenceH": [
                [16, 1], [17, 1], [18, 1], [19, 1]
            ],
            "Tree": [
                [6, 1], [7, 1], [8, 1], [20, 1],
                [5, 2], [8, 2], [9, 2], [10, 2], [11, 2], [12, 2], [20, 2],
                [3, 3], [12, 3], [20, 3],
                [5, 4], [9, 4], [10, 4], [20, 4],
                [6, 5], [7, 5], [8, 5], [9, 5], [20, 5],
                [20, 6],
                [16, 7], [17, 7], [18, 7], [19, 7], [20, 7],
                [18, 10],
                [17, 11], [18, 11], [19, 11],
                [17, 12], [18, 12], [19, 12],
                [4, 13], [5, 13], [16, 13], [17, 13], [18, 13],
                [4, 14], [5, 14]
            ],
            "BlockTile": [
                [1, 1], [1, 2], [1, 3], [1, 4], [1, 5], [1, 6], [1, 7], [1, 8],
                [2, 8], [3, 8], [4, 8], [5, 8], [6, 8], [7, 8], [8, 8], [9, 8],
                [12, 8], [13, 8], [14, 8], [15, 8], [16, 8], [17, 8], [18, 8], [19, 8], [20, 8],
                [15, 1], [15, 2], [15, 4], [15, 5], [15, 6], [15, 7]
            ]
        },
        "Interactive": {
            "Key": [
                { "x": 7, "y": 3 }
            ],
            "LockDoor":{
                "Horizontal": [],
                "Vertical": [
                    { "x": 15, "y": 3 }
                ]
            },
            "HayBale": [
                { "x": 11, "y": 10 }
            ],
            "Pit": [
                {
                    "coordinates": { "x": 10, "y": 8},
                    "activated": false
                }
            ],
            "Button": [
                {
                    "coordinates": { "x": 3, "y": 11 },
                    "linkedElementsIds": [1]
                }
            ],
            "Piston": {
                "Up": [],
                "Right": [],
                "Down": [],
                "Left": [
                    {
                        "id": 1,
                        "coordinates": { "x": 11, "y": 8 },
                        "activated": false
                    }
                ]
            },
            "Goblet": {
                "coordinates": { "x": 19, "y": 6 }
            }
        }
    },
    "GameObjects": {
        "Cows": [
            {
                "coordinates": { "x": 11, "y": 13 },
                "direction": "Up",
                "color": "Grey"
            },
            {
                "coordinates": { "x": 10, "y": 10 },
                "direction": "Up",
                "color": "Brown"
            }
        ],
        "Arrows": {
            "Red": {
                "Up": [
                    { "coordinates": null },
                    { "coordinates": null },
                    { "coordinates": null },
                    { "coordinates": null },
                    { "coordinates": null }
                ],
                "Right": [
                    { "coordinates": null },
                    { "coordinates": null },
                    { "coordinates": null },
                    { "coordinates": null },
                    { "coordinates": null }
                ],
                "Down": [
                    { "coordinates": null },
                    { "coordinates": null },
                    { "coordinates": null },
                    { "coordinates": null }
                ],
                "Left": [
                    { "coordinates": null },
                    { "coordinates": null }
                ]
              },
              "Blue": {
                "Up": [],
                "Right": [
                    { "coordinates": null }
                ],
                "Down": [],
                "Left": []
              }
        }
    }
}
