{
  "MapObjects": {
    "NonInteractive": {
      "Pillar": [
        [1, 1], [13, 1], [20, 1],
        [13, 5], [15, 5], [17, 5], [20, 5],
        [1, 14], [20, 14]
      ],
      "FenceH": [
        [2, 1], [3, 1], [4, 1], [5, 1], [6, 1], [7, 1], [8, 1], [9, 1], [10, 1], [11, 1],
        [12, 1], [14, 1], [15, 1], [16, 1], [17, 1], [18, 1], [19, 1],
        [14, 5], [18, 5], [19, 5],
        [2, 14], [3, 14], [4, 14], [5, 14], [6, 14], [7, 14], [8, 14], [9, 14], [10, 14],
        [11, 14], [12, 14], [13, 14], [14, 14], [15, 14], [16, 14], [17, 14], [18, 14], [19, 14]
      ],
      "FenceV": [
        [1, 2], [1, 3], [1, 4], [1, 5], [1, 6], [1, 7],
        [1, 8], [1, 9], [1, 10], [1, 11], [1, 12], [1, 13],
        [13, 2], [13, 3], [13, 4],
        [20, 2], [20, 3], [20, 4], [20, 6], [20, 7],
        [20, 8], [20, 9], [20, 10], [20, 11], [20, 12], [20, 13]
      ]
    },
    "Interactive": {
      "Goblet": {
        "coordinates": { "x": 16, "y": 3 }
      },
      "Pit": [
        {
          "coordinates": { "x": 11, "y": 8 },
          "activated": false
        }
      ],
      "HayBale": [
        { "x": 7, "y": 8 }
      ],
      "AutoDoor": {
        "Horizontal": [
          {
            "id": 1,
            "coordinates": { "x": 16, "y": 5 }
          }
        ],
        "Vertical": []
      },
      "Button": [
        {
          "coordinates": { "x": 16, "y": 7 },
          "linkedElementsIds": [1]
        }
      ]
    }
  },
  "GameObjects": {
    "Cows": [
      {
        "coordinates": { "x": 5, "y": 8 },
        "direction": "Right",
        "color": "Grey"
      },
      {
        "coordinates": { "x": 11, "y": 10 },
        "direction": "Up",
        "color": "Brown"
      }
    ],
    "Arrows": {
      "Red": {
        "Up": [
          { "coordinates": null }
        ],
        "Right": [],
        "Down": [],
        "Left": []
      },
      "Blue": {
        "Up": [],
        "Right": [],
        "Down": [],
        "Left": []
      }
    }
  }
}
