{
    "MapObjects": {
      "NonInteractive": {
        "Pillar": [
          [1, 1], [12, 1], [20, 1],
          [12, 5], [15, 5], [17, 5], [20, 5],
          [1, 14], [20, 14]
        ],
        "FenceH": [
          [2, 1], [3, 1], [4, 1], [5, 1], [6, 1], [7, 1], [8, 1], [9, 1], [10, 1], [11, 1],
          [13, 1], [14, 1], [15, 1], [16, 1], [17, 1], [18, 1], [19, 1],
          [2, 14], [3, 14], [4, 14], [5, 14], [6, 14], [7, 14], [8, 14], [9, 14], [10, 14],
          [11, 14], [12, 14], [13, 14], [14, 14], [15, 14], [16, 14], [17, 14], [18, 14], [19, 14],
          [13, 5], [14, 5], [18, 5], [19, 5]
        ],
        "FenceV": [
          [1, 2], [1, 3], [1, 4], [1, 5], [1, 6], [1, 7], [1, 8], [1, 9], [1, 10], [1, 11], [1, 12], [1, 13],
          [20, 2], [20, 3], [20, 4], [20, 6], [20, 7], [20, 8], [20, 9], [20, 10], [20, 11], [20, 12], [20, 13],
          [12, 2], [12, 3], [12, 4], [12, 6], [12, 7], [12, 8], [12, 9]
        ]
      },
      "Interactive": {
        "Button": [
          {
            "coordinates": { "x": 10, "y": 8 },
            "linkedElementsIds": [1]
          }
        ],
        "AutoDoor": {
          "Horizontal": [
            {
              "id": 1,
              "coordinates": { "x": 16, "y": 5 }
            }
          ],
          "Vertical": []
        },
        "HayBale": [],
        "Goblet": {
          "coordinates": { "x": 16, "y": 3 }
        }
      }
    },
    "GameObjects": {
      "Cows": [
        {
          "coordinates": { "x": 5, "y": 8 },
          "direction": "Right",
          "color": "Grey"
        },
        {
          "coordinates": { "x": 2, "y": 11 },
          "direction": "Up",
          "color": "Brown"
        }
      ],
      "Arrows": {
        "Red": {
          "Up": [
            { "coordinates": null }
          ],
          "Right": [
            { "coordinates": null }
          ],
          "Down": [],
          "Left": []
        },
        "Blue": {
          "Up": [],
          "Right": [],
          "Down": [
            { "coordinates": { "x": 11, "y": 3 } }
          ],
          "Left": []
        }
      }
    }
  }
