{
    "MapObjects": {
      "NonInteractive": {
        "Pillar": [
          [1, 1], [10, 1], [20, 1],
          [10, 5], [20, 5],
          [1, 14], [20, 14]
        ],
        "FenceH": [
          [2, 1], [3, 1], [4, 1], [5, 1], [6, 1], [7, 1], [8, 1], [9, 1], [11, 1],
          [12, 1], [13, 1], [14, 1], [15, 1], [16, 1], [17, 1], [18, 1], [19, 1],
          [2, 14], [3, 14], [4, 14], [5, 14], [6, 14], [7, 14], [8, 14], [9, 14], [10, 14],
          [11, 14], [12, 14], [13, 14], [14, 14], [15, 14], [16, 14], [17, 14], [18, 14], [19, 14],
          [11, 5], [12, 5], [13, 5], [14, 5], [15, 5], [16, 5], [18, 5], [19, 5] 
        ],
        "FenceV": [
          [1, 2], [1, 3], [1, 4], [1, 5], [1, 6], [1, 7], [1, 8], [1, 9], [1, 10], [1, 11], [1, 12], [1, 13],
          [20, 2], [20, 3], [20, 4], [20, 6], [20, 7], [20, 8], [20, 9], [20, 10], [20, 11], [20, 12], [20, 13],
          [10, 2], [10, 3], [10, 4]
        ],
        "Tree": [
            [5, 2], [9, 2], [3, 4], [8, 5], [14, 7], [8, 8], 
            [19, 10], [5, 12], [8, 12], [12, 12]
        ]
      },
      "Interactive": {
        "Goblet": {
          "coordinates": { "x": 17, "y": 3 }
        }
      }
    },
    "GameObjects": {
      "Cows": [
        {
          "coordinates": { "x": 4, "y": 9 },
          "direction": "Right",
          "color": "Grey"
        },
        {
          "coordinates": { "x": 17, "y": 13 },
          "direction": "Up",
          "color": "Brown"
        }
      ],
      "Arrows": {
        "Red": {
          "Up": [
            { "coordinates": null }
          ],
          "Right": [],
          "Down": [],
          "Left": [
            { "coordinates": null }
          ]
        },
        "Blue": {
          "Up": [
              { "coordinates": null }
            ],
          "Right": [],
          "Down": [],
          "Left": [
            { "coordinates": null }
          ]
        }
      }
    }
  }
