{
    "MapObjects": {
      "NonInteractive": {
        "Pillar": [
          [1, 1], [4, 1], [13, 1], [20, 1],
          [4, 8], [13, 8],
          [13, 12], [20, 12],
          [1, 14], [20, 14]
        ],
        "FenceH": [
          [2, 1], [3, 1], [5, 1], [6, 1], [7, 1], [8, 1], [9, 1], [10, 1], [11, 1], [12, 1], [14, 1], [15, 1], [16, 1], [17, 1], [18, 1], [19, 1],
          [5, 8], [6, 8],  [7, 8],  [8, 8], [9, 8], [10, 8], [11, 8], [12, 8],
          [14, 12], [15, 12], [16, 12], [17, 12], [18, 12], [19, 12],
          [2, 14], [3, 14], [4, 14], [5, 14], [6, 14], [7, 14], [8, 14], [9, 14], [10, 14], [11, 14], [12, 14], [13, 14], [14, 14], [15, 14], [16, 14], [17, 14], [18, 14], [19, 14]
        ],
        "FenceV": [
          [1, 2], [1, 3], [1, 4], [1, 5], [1, 6], [1, 7], [1, 8], [1, 9], [1, 10], [1, 11], [1, 12], [1, 13],
          [20, 2], [20, 3], [20, 4], [20, 5], [20, 6], [20, 7], [20, 8], [20, 9], [20, 10], [20, 11], [20, 13],
          [4, 2], [4, 3], [4, 4], [4, 5], [4, 6], [4, 7],
          [13, 2], [13, 3], [13, 4], [13, 5], [13, 6], [13, 7], [13, 9], [13, 11]
        ]
      },
      "Interactive": {
        "Button": [
          {
            "coordinates": { "x": 8, "y": 7 },
            "linkedElementsIds": [1]
          }
        ],
        "AutoDoor": {
          "Horizontal": [],
          "Vertical": [
            {
              "id": 1,
              "coordinates": { "x": 13, "y": 10 }
            }
          ]
        },
        "HayBale": [],
        "Goblet": {
          "coordinates": { "x": 16, "y": 3 }
        }
      }
    },
    "GameObjects": {
      "Cows": [
        {
          "coordinates": { "x": 5, "y": 11 },
          "direction": "Right",
          "color": "Grey"
        },
        {
          "coordinates": { "x": 5, "y": 2 },
          "direction": "Right",
          "color": "Brown"
        }
      ],
      "Arrows": {
        "Red": {
          "Up": [
            { "coordinates": null },
            { "coordinates": null }
          ],
          "Right": [
            { "coordinates": null },
            { "coordinates": null }
          ],
          "Down": [
            { "coordinates": null }
          ],
          "Left": []
        },
        "Blue": {
          "Up": [],
          "Right": [],
          "Down": [],
          "Left": []
        }
      }
    }
  }
