{
    "MapObjects": {
      "NonInteractive": {
        "Pillar": [
          [18,4], [20, 4]
        ],
        "FenceH": [
          [19, 4]
        ],
        "FenceV": [
          [2, 2], [2, 3], [2, 4], [2, 5], [2, 6], [2, 7], [2, 8], [2, 9], [2, 10], [2, 11], [2, 12], [2, 13], [2, 14],
          [4, 1], [4, 2], [4, 3], [4, 4], [4, 5], [4, 6], [4, 7], [4, 8], [4, 9], [4, 10], [4, 11], [4, 12], [4, 13],
          [6, 2], [6, 3], [6, 4], [6, 5], [6, 6], [6, 7], [6, 8], [6, 9], [6, 10], [6, 11], [6, 12], [6, 13], [6, 14],
          [8, 1], [8, 2], [8, 3], [8, 4], [8, 5], [8, 6], [8, 7], [8, 8], [8, 9], [8, 10], [8, 11], [8, 12], [8, 13],
          [10, 2], [10, 3], [10, 4], [10, 5], [10, 6], [10, 7], [10, 8], [10, 9], [10, 10], [10, 11], [10, 12], [10, 13], [10, 14],
          [12, 1], [12, 2], [12, 3], [12, 4], [12, 5], [12, 6], [12, 7], [12, 8], [12, 9], [12, 10], [12, 11], [12, 12], [12, 13],
          [14, 2], [14, 3], [14, 4], [14, 5], [14, 6], [14, 7], [14, 8], [14, 9], [14, 10], [14, 11], [14, 12], [14, 13], [14, 14],
          [16, 1], [16, 2], [16, 3], [16, 4], [16, 5], [16, 6], [16, 7], [16, 8], [16, 9], [16, 10], [16, 11], [16, 12], [16, 13],
          [18, 1], [18, 2], [18, 3], [20, 1], [20, 2], [20, 3]
        ]
      },
      "Interactive": {
        "Button": [
          {
            "coordinates": { "x": 19, "y": 11 },
            "linkedElementsIds": [1]
          }
        ],
        "AutoDoor": {
          "Horizontal": [
            {
              "id": 1,
              "coordinates": { "x": 19, "y": 2 }
            }
          ],
          "Vertical": []
        },
        "Goblet": {
          "coordinates": { "x": 19, "y": 3 }
        }
      }
    },
    "GameObjects": {
      "Cows": [
        {
          "coordinates": { "x": 19, "y": 1 },
          "direction": "Down",
          "color": "Grey"
        },
        {
          "coordinates": { "x": 20, "y": 11 },
          "direction": "Up",
          "color": "Brown"
        },
        {
            "coordinates": { "x": 1, "y": 14 },
            "direction": "Up",
            "color": "Brown"
        }
      ],
      "Arrows": {
        "Red": {
          "Up": [
            { "coordinates": null }, { "coordinates": null },
            { "coordinates": null }, { "coordinates": null },
            { "coordinates": null }, { "coordinates": null }
          ],
          "Right": [
            { "coordinates": null }, { "coordinates": null }, { "coordinates": null },
            { "coordinates": null }, { "coordinates": null }, { "coordinates": null }, { "coordinates": null }
          ],
          "Down": [
            { "coordinates": null }, { "coordinates": null }, { "coordinates": null }, { "coordinates": null },
            { "coordinates": null }, { "coordinates": null }, { "coordinates": null }, { "coordinates": null }
          ],
          "Left": []
        },
        "Blue": {
          "Up": [
            { "coordinates": { "x": 20, "y": 12 } }
          ],
          "Right": [
            { "coordinates": { "x": 18, "y": 12 } }
          ],
          "Down": [
            { "coordinates": { "x": 18, "y": 10 } }
          ],
          "Left": [
            { "coordinates": { "x": 20, "y": 10 } }
          ]
        }
      }
    }
  }
